{"cameraMode":{"drawMode":0,"name":"Shaded","section":"Shading Mode"},"sceneLighting":true,"audioPlay":false,"sceneViewState":{"m_AlwaysRefresh":false,"showFog":true,"showSkybox":true,"showFlares":true,"showImageEffects":true,"showParticleSystems":true,"showVisualEffectGraphs":true,"m_FxEnabled":true},"in2DMode":false,"pivot":{"x":3.3352057933807375,"y":4.227118015289307,"z":1.4277548789978028},"rotation":{"x":0.12269575893878937,"y":-0.4552415609359741,"z":0.06350261718034744,"w":0.8795850276947022},"size":9.420038223266602,"orthographic":true}